﻿<?xml version="1.0" encoding="utf-8"?>
<Feature xmlns="http://schemas.microsoft.com/sharepoint/" Description="SharePoint App Feature" Id="c97e109f-85f3-4d75-95af-27c1369da018" Scope="Web" Title="SharePoint Site Creator Feature1" Version="1.2.1.0">
  <ElementManifests>
    <ElementManifest Location="Pages\Elements.xml" />
    <ElementFile Location="Pages\Default.aspx" />
    <ElementFile Location="Pages\createDialog.aspx" />
    <ElementManifest Location="Scripts\Elements.xml" />
    <ElementFile Location="Scripts\App.js" />
    <ElementFile Location="Scripts\createDialog.js" />
    <ElementFile Location="Scripts\jquery.min.map" />
    <ElementFile Location="Scripts\jquery-3.3.1.slim.min.map" />
    <ElementFile Location="Scripts\jquery-3.3.1.slim.min.js" />
    <ElementFile Location="Scripts\jquery-3.3.1.slim.js" />
    <ElementFile Location="Scripts\jquery-3.3.1.min.map" />
    <ElementFile Location="Scripts\jquery-3.3.1.min.js" />
    <ElementFile Location="Scripts\jquery-3.3.1.js" />
    <ElementFile Location="Scripts\jquery-3.3.1.intellisense.js" />
    <ElementFile Location="Scripts\createDialog - Copy.js" />
    <ElementManifest Location="Content\Elements.xml" />
    <ElementFile Location="Content\App.css" />
    <ElementManifest Location="Images\Elements.xml" />
    <ElementFile Location="Images\AppIcon.png" />
    <ElementFile Location="Images\AppIconSP.png" />
    <ElementManifest Location="Elements.xml" />
  </ElementManifests>
  <UpgradeActions>
    <VersionRange>
      <ApplyElementManifests>
        <ElementManifest Location="Pages\Elements.xml" />
        <ElementManifest Location="Scripts\Elements.xml" />
        <ElementManifest Location="Content\Elements.xml" />
        <ElementManifest Location="Images\Elements.xml" />
        <ElementManifest Location="Elements.xml" />
      </ApplyElementManifests>
    </VersionRange>
  </UpgradeActions>
</Feature>
