﻿<?xml version="1.0" encoding="utf-8"?>
<Elements xmlns="http://schemas.microsoft.com/sharepoint/">
  <Module Name="Scripts">
    <File Path="Scripts\App.js" Url="Scripts/App.js" ReplaceContent="TRUE" />
    <File Path="Scripts\createDialog.js" Url="Scripts/createDialog.js" ReplaceContent="TRUE" />
    <File Path="Scripts\jquery.min.map" Url="Scripts/jquery.min.map" ReplaceContent="TRUE" />
    <File Path="Scripts\jquery-3.3.1.slim.min.map" Url="Scripts/jquery-3.3.1.slim.min.map" ReplaceContent="TRUE" />
    <File Path="Scripts\jquery-3.3.1.slim.min.js" Url="Scripts/jquery-3.3.1.slim.min.js" ReplaceContent="TRUE" />
    <File Path="Scripts\jquery-3.3.1.slim.js" Url="Scripts/jquery-3.3.1.slim.js" ReplaceContent="TRUE" />
    <File Path="Scripts\jquery-3.3.1.min.map" Url="Scripts/jquery-3.3.1.min.map" ReplaceContent="TRUE" />
    <File Path="Scripts\jquery-3.3.1.min.js" Url="Scripts/jquery-3.3.1.min.js" ReplaceContent="TRUE" />
    <File Path="Scripts\jquery-3.3.1.js" Url="Scripts/jquery-3.3.1.js" ReplaceContent="TRUE" />
    <File Path="Scripts\jquery-3.3.1.intellisense.js" Url="Scripts/jquery-3.3.1.intellisense.js" ReplaceContent="TRUE" />
    <File Path="Scripts\createDialog - Copy.js" Url="Scripts/createDialog - Copy.js" ReplaceContent="TRUE" />
  </Module>
</Elements>
