﻿<?xml version="1.0" encoding="utf-8" ?>
<!--Created:cb85b80c-f585-40ff-8bfc-12ff4d0e34a9-->
<App xmlns="http://schemas.microsoft.com/sharepoint/2012/app/manifest"
     Name="SharePointSiteCreator"
     ProductID="{59d10a55-6ab0-4672-a631-05009a45dd8c}"
     Version="1.2.1.0"
     SharePointMinVersion="16.0.0.0"
>
  <Properties>
    <Title>SharePoint Site Creator</Title>
    <StartPage>~appWebUrl/Pages/Default.aspx?{StandardTokens}</StartPage>
  </Properties>

  <AppPrincipal>
    <Internal />
  </AppPrincipal>
  <AppPermissionRequests>
    <AppPermissionRequest Scope="http://sharepoint/content/tenant" Right="FullControl" />
  </AppPermissionRequests>
</App>
